Time/Iteration, TempCalcIterTime(us), ColorCalcIterTime(us), TempCalcIterBest(us), ColorCalcIterBest(us), TempCalcIterWorst(us), ColorCalcIterWorst(us), TempCalcIterAvg(us), ColorCalcIterAvg(us)
1,812.700,1781.000,812.700,1781.000,812.700,1781.000,406.350,890.500
2,517.400,2125.900,517.400,1781.000,812.700,2125.900,461.875,1508.200
3,529.900,2285.400,517.400,1781.000,812.700,2285.400,495.887,1896.800
4,498.200,2384.900,498.200,1781.000,812.700,2384.900,497.044,2140.850
5,469.200,2310.700,469.200,1781.000,812.700,2384.900,483.122,2225.775
6,468.100,2143.000,468.100,1781.000,812.700,2384.900,475.611,2184.387
7,456.700,2449.900,456.700,1781.000,812.700,2449.900,466.155,2317.144
8,532.300,2655.600,456.700,1781.000,812.700,2655.600,499.228,2486.372
9,525.800,2599.200,456.700,1781.000,812.700,2655.600,512.514,2542.786
10,590.800,2763.100,456.700,1781.000,812.700,2763.100,551.657,2652.943
11,616.200,2767.000,456.700,1781.000,812.700,2767.000,583.928,2709.971
12,718.900,3536.700,456.700,1781.000,812.700,3536.700,651.414,3123.336
13,875.200,4120.600,456.700,1781.000,875.200,4120.600,763.307,3621.968
14,898.400,4079.300,456.700,1781.000,898.400,4120.600,830.854,3850.634
15,856.100,3766.300,456.700,1781.000,898.400,4120.600,843.477,3808.467
16,900.900,4164.000,456.700,1781.000,900.900,4164.000,872.188,3986.233
17,1427.700,4894.900,456.700,1781.000,1427.700,4894.900,1149.944,4440.567
18,923.900,3862.500,456.700,1781.000,1427.700,4894.900,1036.922,4151.533
19,916.900,4076.500,456.700,1781.000,1427.700,4894.900,976.911,4114.017
20,910.500,3744.500,456.700,1781.000,1427.700,4894.900,943.706,3929.258
21,860.200,3802.500,456.700,1781.000,1427.700,4894.900,901.953,3865.879
22,907.800,4028.300,456.700,1781.000,1427.700,4894.900,904.876,3947.090
23,930.200,3879.700,456.700,1781.000,1427.700,4894.900,917.538,3913.395
24,831.500,3866.800,456.700,1781.000,1427.700,4894.900,874.519,3890.097
25,1151.800,4363.100,456.700,1781.000,1427.700,4894.900,1013.160,4126.599
26,932.700,5026.600,456.700,1781.000,1427.700,5026.600,972.930,4576.599
27,882.600,4812.400,456.700,1781.000,1427.700,5026.600,927.765,4694.500
28,1022.000,4062.100,456.700,1781.000,1427.700,5026.600,974.882,4378.300
29,944.300,3767.500,456.700,1781.000,1427.700,5026.600,959.591,4072.900
30,896.000,5697.000,456.700,1781.000,1427.700,5697.000,927.796,4884.950
31,2027.600,5046.400,456.700,1781.000,2027.600,5697.000,1477.698,4965.675
32,869.200,7711.200,456.700,1781.000,2027.600,7711.200,1173.449,6338.437
33,944.200,3841.100,456.700,1781.000,2027.600,7711.200,1058.824,5089.769
34,902.200,4142.700,456.700,1781.000,2027.600,7711.200,980.512,4616.234
35,1154.200,3930.100,456.700,1781.000,2027.600,7711.200,1067.356,4273.167
36,914.900,3815.700,456.700,1781.000,2027.600,7711.200,991.128,4044.434
37,912.800,4007.900,456.700,1781.000,2027.600,7711.200,951.964,4026.167
38,1194.800,3907.700,456.700,1781.000,2027.600,7711.200,1073.382,3966.933
39,880.800,3790.400,456.700,1781.000,2027.600,7711.200,977.091,3878.667
40,854.300,4236.100,456.700,1781.000,2027.600,7711.200,915.696,4057.383
41,1018.700,4511.400,456.700,1781.000,2027.600,7711.200,967.198,4284.392
42,905.800,3828.500,456.700,1781.000,2027.600,7711.200,936.499,4056.446
43,1674.700,4658.100,456.700,1781.000,2027.600,7711.200,1305.599,4357.273
44,1468.900,8560.500,456.700,1781.000,2027.600,8560.500,1387.250,6458.886
45,1571.900,7652.500,456.700,1781.000,2027.600,8560.500,1479.575,7055.693
46,1366.200,5715.700,456.700,1781.000,2027.600,8560.500,1422.887,6385.697
47,1441.100,7142.300,456.700,1781.000,2027.600,8560.500,1431.994,6763.998
48,1143.100,5068.400,456.700,1781.000,2027.600,8560.500,1287.547,5916.199
49,1397.500,6268.800,456.700,1781.000,2027.600,8560.500,1342.523,6092.500
50,1228.900,4618.700,456.700,1781.000,2027.600,8560.500,1285.712,5355.600
51,1363.600,5949.300,456.700,1781.000,2027.600,8560.500,1324.656,5652.450
52,2009.900,6325.400,456.700,1781.000,2027.600,8560.500,1667.278,5988.925
53,1076.400,4859.200,456.700,1781.000,2027.600,8560.500,1371.839,5424.062
54,1310.000,5835.100,456.700,1781.000,2027.600,8560.500,1340.919,5629.581
55,916.000,4260.900,456.700,1781.000,2027.600,8560.500,1128.460,4945.241
56,1020.300,4969.500,456.700,1781.000,2027.600,8560.500,1074.380,4957.370
57,2024.500,4758.000,456.700,1781.000,2027.600,8560.500,1549.440,4857.685
58,1028.700,4916.800,456.700,1781.000,2027.600,8560.500,1289.070,4887.243
59,1446.300,4746.000,456.700,1781.000,2027.600,8560.500,1367.685,4816.621
60,910.800,3935.100,456.700,1781.000,2027.600,8560.500,1139.242,4375.861
61,855.400,5301.800,456.700,1781.000,2027.600,8560.500,997.321,4838.830
62,1305.200,3857.700,456.700,1781.000,2027.600,8560.500,1151.261,4348.265
63,981.000,3773.100,456.700,1781.000,2027.600,8560.500,1066.130,4060.683
64,889.700,4222.300,456.700,1781.000,2027.600,8560.500,977.915,4141.491
65,977.800,3794.600,456.700,1781.000,2027.600,8560.500,977.858,3968.046
66,934.200,3593.100,456.700,1781.000,2027.600,8560.500,956.029,3780.573
67,835.400,4240.200,456.700,1781.000,2027.600,8560.500,895.714,4010.386
68,1014.300,3715.000,456.700,1781.000,2027.600,8560.500,955.007,3862.693
69,833.700,3745.700,456.700,1781.000,2027.600,8560.500,894.354,3804.197
70,812.700,4203.100,456.700,1781.000,2027.600,8560.500,853.527,4003.648
71,1644.200,3924.300,456.700,1781.000,2027.600,8560.500,1248.863,3963.974
72,860.700,3910.100,456.700,1781.000,2027.600,8560.500,1054.782,3937.037
73,871.700,5568.600,456.700,1781.000,2027.600,8560.500,963.241,4752.819
74,1526.300,3806.900,456.700,1781.000,2027.600,8560.500,1244.770,4279.859
75,879.700,3758.600,456.700,1781.000,2027.600,8560.500,1062.235,4019.230
76,953.000,3919.700,456.700,1781.000,2027.600,8560.500,1007.618,3969.465
77,916.300,3765.600,456.700,1781.000,2027.600,8560.500,961.959,3867.532
78,878.700,3754.700,456.700,1781.000,2027.600,8560.500,920.329,3811.116
79,974.700,4260.100,456.700,1781.000,2027.600,8560.500,947.515,4035.608
80,974.700,3666.700,456.700,1781.000,2027.600,8560.500,961.107,3851.154
81,960.900,3824.800,456.700,1781.000,2027.600,8560.500,961.004,3837.977
82,1025.900,4016.500,456.700,1781.000,2027.600,8560.500,993.452,3927.239
83,968.300,3759.400,456.700,1781.000,2027.600,8560.500,980.876,3843.319
84,889.300,4352.200,456.700,1781.000,2027.600,8560.500,935.088,4097.760
85,1253.200,5939.100,456.700,1781.000,2027.600,8560.500,1094.144,5018.430
86,1285.500,4946.000,456.700,1781.000,2027.600,8560.500,1189.822,4982.215
87,1138.100,6769.400,456.700,1781.000,2027.600,8560.500,1163.961,5875.807
88,1624.200,6182.900,456.700,1781.000,2027.600,8560.500,1394.080,6029.354
89,1305.400,6494.300,456.700,1781.000,2027.600,8560.500,1349.740,6261.827
90,1377.900,6109.100,456.700,1781.000,2027.600,8560.500,1363.820,6185.463
91,1334.500,8425.400,456.700,1781.000,2027.600,8560.500,1349.160,7305.432
92,1765.800,5908.900,456.700,1781.000,2027.600,8560.500,1557.480,6607.166
93,1491.900,7524.400,456.700,1781.000,2027.600,8560.500,1524.690,7065.783
94,1401.300,7026.800,456.700,1781.000,2027.600,8560.500,1462.995,7046.291
95,2345.800,7554.400,456.700,1781.000,2345.800,8560.500,1904.398,7300.346
96,1978.600,7098.800,456.700,1781.000,2345.800,8560.500,1941.499,7199.573
97,1800.900,5664.300,456.700,1781.000,2345.800,8560.500,1871.199,6431.936
98,1382.500,7314.600,456.700,1781.000,2345.800,8560.500,1626.850,6873.268
99,1505.300,6270.700,456.700,1781.000,2345.800,8560.500,1566.075,6571.984
100,2034.300,6521.300,456.700,1781.000,2345.800,8560.500,1800.187,6546.642
101,1344.900,5636.400,456.700,1781.000,2345.800,8560.500,1572.544,6091.521
102,2976.500,8990.500,456.700,1781.000,2976.500,8990.500,2274.522,7541.011
103,1597.900,8195.300,456.700,1781.000,2976.500,8990.500,1936.211,7868.155
104,1443.000,6175.800,456.700,1781.000,2976.500,8990.500,1689.605,7021.978
105,2189.100,7319.900,456.700,1781.000,2976.500,8990.500,1939.353,7170.939
106,1829.700,6769.300,456.700,1781.000,2976.500,8990.500,1884.526,6970.119
107,1494.600,5951.500,456.700,1781.000,2976.500,8990.500,1689.563,6460.810
108,1442.000,7524.900,456.700,1781.000,2976.500,8990.500,1565.782,6992.855
109,1439.700,6223.200,456.700,1781.000,2976.500,8990.500,1502.741,6608.027
110,1444.600,6090.100,456.700,1781.000,2976.500,8990.500,1473.670,6349.064
111,1496.700,5698.500,456.700,1781.000,2976.500,8990.500,1485.185,6023.782
112,1423.300,6624.300,456.700,1781.000,2976.500,8990.500,1454.243,6324.041
113,1483.600,5616.400,456.700,1781.000,2976.500,8990.500,1468.921,5970.220
114,1851.100,5982.100,456.700,1781.000,2976.500,8990.500,1660.011,5976.160
115,1487.300,6989.800,456.700,1781.000,2976.500,8990.500,1573.655,6482.980
116,1345.800,5888.100,456.700,1781.000,2976.500,8990.500,1459.728,6185.540
117,1431.400,6959.200,456.700,1781.000,2976.500,8990.500,1445.564,6572.370
118,1375.700,6069.900,456.700,1781.000,2976.500,8990.500,1410.632,6321.135
119,1403.100,6039.800,456.700,1781.000,2976.500,8990.500,1406.866,6180.468
120,1493.200,6381.000,456.700,1781.000,2976.500,8990.500,1450.033,6280.734
121,1385.100,6595.100,456.700,1781.000,2976.500,8990.500,1417.566,6437.917
122,1462.400,7780.300,456.700,1781.000,2976.500,8990.500,1439.983,7109.108
123,2210.500,7036.100,456.700,1781.000,2976.500,8990.500,1825.242,7072.604
124,1903.800,6411.800,456.700,1781.000,2976.500,8990.500,1864.521,6742.202
125,1368.500,5667.600,456.700,1781.000,2976.500,8990.500,1616.510,6204.901
126,2076.400,6523.200,456.700,1781.000,2976.500,8990.500,1846.455,6364.051
127,1495.400,5760.800,456.700,1781.000,2976.500,8990.500,1670.928,6062.425
128,1582.100,6542.000,456.700,1781.000,2976.500,8990.500,1626.514,6302.213
129,1457.700,6266.000,456.700,1781.000,2976.500,8990.500,1542.107,6284.106
130,2218.300,6185.400,456.700,1781.000,2976.500,8990.500,1880.203,6234.753
131,1419.300,6875.000,456.700,1781.000,2976.500,8990.500,1649.752,6554.877
132,2670.700,6804.500,456.700,1781.000,2976.500,8990.500,2160.226,6679.688
133,1772.800,7516.300,456.700,1781.000,2976.500,8990.500,1966.513,7097.994
134,1432.100,6191.700,456.700,1781.000,2976.500,8990.500,1699.306,6644.847
135,1652.400,6754.700,456.700,1781.000,2976.500,8990.500,1675.853,6699.774
136,1331.700,6296.400,456.700,1781.000,2976.500,8990.500,1503.777,6498.087
137,1618.600,6541.300,456.700,1781.000,2976.500,8990.500,1561.188,6519.693
138,1360.100,7336.900,456.700,1781.000,2976.500,8990.500,1460.644,6928.297
139,1475.700,6237.300,456.700,1781.000,2976.500,8990.500,1468.172,6582.798
140,1336.400,6486.900,456.700,1781.000,2976.500,8990.500,1402.286,6534.849
141,1424.700,5955.100,456.700,1781.000,2976.500,8990.500,1413.493,6244.975
142,1416.500,5790.300,456.700,1781.000,2976.500,8990.500,1414.997,6017.637
143,1441.100,7063.700,456.700,1781.000,2976.500,8990.500,1428.048,6540.669
144,1538.700,5806.000,456.700,1781.000,2976.500,8990.500,1483.374,6173.334
145,1972.200,5765.400,456.700,1781.000,2976.500,8990.500,1727.787,5969.367
146,1464.800,6078.300,456.700,1781.000,2976.500,8990.500,1596.294,6023.834
147,1823.600,6577.800,456.700,1781.000,2976.500,8990.500,1709.947,6300.817
148,1367.700,5854.800,456.700,1781.000,2976.500,8990.500,1538.823,6077.808
149,1759.100,5986.200,456.700,1781.000,2976.500,8990.500,1648.962,6032.004
150,1305.800,8139.200,456.700,1781.000,2976.500,8990.500,1477.381,7085.602
151,1418.300,6673.200,456.700,1781.000,2976.500,8990.500,1447.840,6879.401
152,2669.400,7588.700,456.700,1781.000,2976.500,8990.500,2058.620,7234.051
153,1446.500,6014.500,456.700,1781.000,2976.500,8990.500,1752.560,6624.275
154,2318.300,7098.600,456.700,1781.000,2976.500,8990.500,2035.430,6861.438
155,1667.300,11260.600,456.700,1781.000,2976.500,11260.600,1851.365,9061.019
156,2454.100,9622.500,456.700,1781.000,2976.500,11260.600,2152.733,9341.759
157,3874.100,10172.600,456.700,1781.000,3874.100,11260.600,3013.416,9757.180
158,7510.000,11453.900,456.700,1781.000,7510.000,11453.900,5261.708,10605.540
159,2772.100,8575.500,456.700,1781.000,7510.000,11453.900,4016.904,9590.520
160,2299.600,8483.400,456.700,1781.000,7510.000,11453.900,3158.252,9036.960
161,1935.200,6653.300,456.700,1781.000,7510.000,11453.900,2546.726,7845.130
162,1052.500,3725.300,456.700,1781.000,7510.000,11453.900,1799.613,5785.215
163,875.100,4112.100,456.700,1781.000,7510.000,11453.900,1337.357,4948.657
164,1284.700,3900.000,456.700,1781.000,7510.000,11453.900,1311.028,4424.329
165,655.700,3024.600,456.700,1781.000,7510.000,11453.900,983.364,3724.464
166,835.500,3423.000,456.700,1781.000,7510.000,11453.900,909.432,3573.732
167,1014.900,4555.400,456.700,1781.000,7510.000,11453.900,962.166,4064.566
168,865.800,3610.700,456.700,1781.000,7510.000,11453.900,913.983,3837.633
169,844.800,3558.900,456.700,1781.000,7510.000,11453.900,879.392,3698.267
170,810.600,3623.500,456.700,1781.000,7510.000,11453.900,844.996,3660.883
171,876.300,3828.400,456.700,1781.000,7510.000,11453.900,860.648,3744.642
172,812.200,3592.100,456.700,1781.000,7510.000,11453.900,836.424,3668.371
173,1056.200,4411.500,456.700,1781.000,7510.000,11453.900,946.312,4039.935
174,1159.500,4588.400,456.700,1781.000,7510.000,11453.900,1052.906,4314.168
175,1124.900,4425.000,456.700,1781.000,7510.000,11453.900,1088.903,4369.584
176,1615.200,6417.600,456.700,1781.000,7510.000,11453.900,1352.051,5393.592
177,1144.000,4461.100,456.700,1781.000,7510.000,11453.900,1248.026,4927.346
178,1114.900,6709.100,456.700,1781.000,7510.000,11453.900,1181.463,5818.223
179,1583.100,4541.500,456.700,1781.000,7510.000,11453.900,1382.281,5179.861
180,1051.700,6610.600,456.700,1781.000,7510.000,11453.900,1216.991,5895.231
181,1964.600,5642.100,456.700,1781.000,7510.000,11453.900,1590.795,5768.665
182,1344.600,4849.900,456.700,1781.000,7510.000,11453.900,1467.698,5309.283
183,1341.800,5280.800,456.700,1781.000,7510.000,11453.900,1404.749,5295.041
184,1064.400,5145.300,456.700,1781.000,7510.000,11453.900,1234.574,5220.171
185,2464.600,5359.700,456.700,1781.000,7510.000,11453.900,1849.587,5289.935
186,1061.500,4494.700,456.700,1781.000,7510.000,11453.900,1455.544,4892.318
187,1361.800,5157.900,456.700,1781.000,7510.000,11453.900,1408.672,5025.109
188,1283.200,4733.700,456.700,1781.000,7510.000,11453.900,1345.936,4879.404
189,1050.700,5151.100,456.700,1781.000,7510.000,11453.900,1198.318,5015.252
190,1889.900,5391.300,456.700,1781.000,7510.000,11453.900,1544.109,5203.276
191,1168.900,4894.400,456.700,1781.000,7510.000,11453.900,1356.504,5048.838
192,1619.000,5060.500,456.700,1781.000,7510.000,11453.900,1487.752,5054.669
193,1173.000,4426.400,456.700,1781.000,7510.000,11453.900,1330.376,4740.535
194,1236.600,6115.300,456.700,1781.000,7510.000,11453.900,1283.488,5427.917
195,1561.100,4561.900,456.700,1781.000,7510.000,11453.900,1422.294,4994.909
196,1054.200,4887.500,456.700,1781.000,7510.000,11453.900,1238.247,4941.204
197,2075.800,4970.000,456.700,1781.000,7510.000,11453.900,1657.024,4955.602
198,1183.200,4698.300,456.700,1781.000,7510.000,11453.900,1420.112,4826.951
199,1601.100,4879.000,456.700,1781.000,7510.000,11453.900,1510.606,4852.976
200,1118.700,4477.800,456.700,1781.000,7510.000,11453.900,1314.653,4665.388
201,1046.800,4362.800,456.700,1781.000,7510.000,11453.900,1180.726,4514.094
202,1377.600,4399.000,456.700,1781.000,7510.000,11453.900,1279.163,4456.547
203,1022.800,4505.900,456.700,1781.000,7510.000,11453.900,1150.982,4481.223
204,1051.700,4927.300,456.700,1781.000,7510.000,11453.900,1101.341,4704.262
205,1107.000,4904.200,456.700,1781.000,7510.000,11453.900,1104.170,4804.231
206,1139.100,4915.500,456.700,1781.000,7510.000,11453.900,1121.635,4859.865
207,1198.900,4413.600,456.700,1781.000,7510.000,11453.900,1160.268,4636.733
208,1262.000,4301.600,456.700,1781.000,7510.000,11453.900,1211.134,4469.166
209,1167.000,4397.700,456.700,1781.000,7510.000,11453.900,1189.067,4433.433
210,1180.000,4509.400,456.700,1781.000,7510.000,11453.900,1184.533,4471.417
211,1102.500,4311.200,456.700,1781.000,7510.000,11453.900,1143.517,4391.308
212,1053.500,5184.600,456.700,1781.000,7510.000,11453.900,1098.508,4787.954
213,1113.800,4368.400,456.700,1781.000,7510.000,11453.900,1106.154,4578.177
214,1034.300,4606.900,456.700,1781.000,7510.000,11453.900,1070.227,4592.539
215,1459.300,7330.200,456.700,1781.000,7510.000,11453.900,1264.764,5961.369
216,1351.800,6232.600,456.700,1781.000,7510.000,11453.900,1308.282,6096.985
217,3222.400,6611.500,456.700,1781.000,7510.000,11453.900,2265.341,6354.242
218,1408.500,7607.600,456.700,1781.000,7510.000,11453.900,1836.920,6980.921
219,1438.800,5842.700,456.700,1781.000,7510.000,11453.900,1637.860,6411.811
220,1404.300,6711.300,456.700,1781.000,7510.000,11453.900,1521.080,6561.555
221,1370.600,5736.700,456.700,1781.000,7510.000,11453.900,1445.840,6149.128
222,2463.100,8076.300,456.700,1781.000,7510.000,11453.900,1954.470,7112.714
223,1592.900,8035.200,456.700,1781.000,7510.000,11453.900,1773.685,7573.957
224,1536.400,6405.400,456.700,1781.000,7510.000,11453.900,1655.043,6989.678
225,2503.500,7325.000,456.700,1781.000,7510.000,11453.900,2079.271,7157.339
226,1408.400,6589.600,456.700,1781.000,7510.000,11453.900,1743.836,6873.470
227,2346.300,7702.600,456.700,1781.000,7510.000,11453.900,2045.068,7288.035
228,1401.700,6627.100,456.700,1781.000,7510.000,11453.900,1723.384,6957.567
229,1566.100,5927.800,456.700,1781.000,7510.000,11453.900,1644.742,6442.684
230,2184.100,6955.600,456.700,1781.000,7510.000,11453.900,1914.421,6699.142
231,1504.800,7246.100,456.700,1781.000,7510.000,11453.900,1709.610,6972.621
232,1391.800,7959.400,456.700,1781.000,7510.000,11453.900,1550.705,7466.010
233,1491.300,6487.400,456.700,1781.000,7510.000,11453.900,1521.003,6976.705
234,2140.800,7538.200,456.700,1781.000,7510.000,11453.900,1830.901,7257.453
235,1611.600,7567.700,456.700,1781.000,7510.000,11453.900,1721.251,7412.576
236,1574.700,8395.300,456.700,1781.000,7510.000,11453.900,1647.975,7903.938
237,1342.600,8880.400,456.700,1781.000,7510.000,11453.900,1495.288,8392.169
238,2066.300,9675.600,456.700,1781.000,7510.000,11453.900,1780.794,9033.885
239,4538.000,8330.400,456.700,1781.000,7510.000,11453.900,3159.397,8682.142
240,3038.700,9556.400,456.700,1781.000,7510.000,11453.900,3099.048,9119.271
241,6846.900,16970.300,456.700,1781.000,7510.000,16970.300,4972.974,13044.786
242,2871.200,5598.700,456.700,1781.000,7510.000,16970.300,3922.087,9321.743
243,1123.300,4724.800,456.700,1781.000,7510.000,16970.300,2522.694,7023.271
244,805.200,3226.400,456.700,1781.000,7510.000,16970.300,1663.947,5124.836
245,917.200,3277.900,456.700,1781.000,7510.000,16970.300,1290.573,4201.368
246,1042.700,5382.100,456.700,1781.000,7510.000,16970.300,1166.637,4791.734
247,740.000,2637.200,456.700,1781.000,7510.000,16970.300,953.318,3714.467
248,688.200,3178.500,456.700,1781.000,7510.000,16970.300,820.759,3446.483
249,712.800,3409.500,456.700,1781.000,7510.000,16970.300,766.780,3427.992
250,1134.300,5212.100,456.700,1781.000,7510.000,16970.300,950.540,4320.046
251,777.700,3126.000,456.700,1781.000,7510.000,16970.300,864.120,3723.023
252,750.400,3861.900,456.700,1781.000,7510.000,16970.300,807.260,3792.461
253,1376.000,3888.600,456.700,1781.000,7510.000,16970.300,1091.630,3840.531
254,856.500,3118.300,456.700,1781.000,7510.000,16970.300,974.065,3479.415
255,768.700,4611.100,456.700,1781.000,7510.000,16970.300,871.382,4045.258
256,1400.500,4876.900,456.700,1781.000,7510.000,16970.300,1135.941,4461.079
257,883.700,3177.900,456.700,1781.000,7510.000,16970.300,1009.821,3819.489
258,753.100,3502.200,456.700,1781.000,7510.000,16970.300,881.460,3660.845
259,1337.100,4585.600,456.700,1781.000,7510.000,16970.300,1109.280,4123.222
260,811.300,3208.000,456.700,1781.000,7510.000,16970.300,960.290,3665.611
261,684.300,3254.700,456.700,1781.000,7510.000,16970.300,822.295,3460.156
262,741.600,3527.100,456.700,1781.000,7510.000,16970.300,781.948,3493.628
263,1259.500,3157.200,456.700,1781.000,7510.000,16970.300,1020.724,3325.414
264,701.300,3374.300,456.700,1781.000,7510.000,16970.300,861.012,3349.857
265,739.900,3036.200,456.700,1781.000,7510.000,16970.300,800.456,3193.028
266,930.200,4243.400,456.700,1781.000,7510.000,16970.300,865.328,3718.214
267,799.800,3318.500,456.700,1781.000,7510.000,16970.300,832.564,3518.357
268,773.800,3032.900,456.700,1781.000,7510.000,16970.300,803.182,3275.629
269,693.800,3446.000,456.700,1781.000,7510.000,16970.300,748.491,3360.814
270,818.700,3248.400,456.700,1781.000,7510.000,16970.300,783.595,3304.607
271,756.600,3147.700,456.700,1781.000,7510.000,16970.300,770.098,3226.154
272,862.300,3233.300,456.700,1781.000,7510.000,16970.300,816.199,3229.727
273,854.300,3781.900,456.700,1781.000,7510.000,16970.300,835.249,3505.813
274,1367.300,3473.400,456.700,1781.000,7510.000,16970.300,1101.275,3489.607
275,815.300,3417.100,456.700,1781.000,7510.000,16970.300,958.287,3453.353
276,851.100,3821.400,456.700,1781.000,7510.000,16970.300,904.694,3637.377
277,1101.500,5371.400,456.700,1781.000,7510.000,16970.300,1003.097,4504.388
278,856.900,4216.800,456.700,1781.000,7510.000,16970.300,929.998,4360.594
279,1268.000,5437.800,456.700,1781.000,7510.000,16970.300,1098.999,4899.197
280,1096.500,4448.700,456.700,1781.000,7510.000,16970.300,1097.750,4673.949
281,1016.000,5444.300,456.700,1781.000,7510.000,16970.300,1056.875,5059.124
282,2131.400,6699.000,456.700,1781.000,7510.000,16970.300,1594.137,5879.062
283,1367.700,6502.400,456.700,1781.000,7510.000,16970.300,1480.919,6190.731
284,1949.900,6389.600,456.700,1781.000,7510.000,16970.300,1715.409,6290.166
285,1381.900,6732.500,456.700,1781.000,7510.000,16970.300,1548.655,6511.333
286,1562.000,5918.300,456.700,1781.000,7510.000,16970.300,1555.327,6214.816
287,1379.500,6905.800,456.700,1781.000,7510.000,16970.300,1467.414,6560.308
288,1447.300,6311.100,456.700,1781.000,7510.000,16970.300,1457.357,6435.704
289,2281.600,7843.600,456.700,1781.000,7510.000,16970.300,1869.478,7139.652
290,1510.500,6584.500,456.700,1781.000,7510.000,16970.300,1689.989,6862.076
291,3445.700,6004.600,456.700,1781.000,7510.000,16970.300,2567.845,6433.338
292,1694.800,8525.400,456.700,1781.000,7510.000,16970.300,2131.322,7479.369
293,1853.800,5563.500,456.700,1781.000,7510.000,16970.300,1992.561,6521.435
294,1271.400,5597.400,456.700,1781.000,7510.000,16970.300,1631.981,6059.417
295,1285.000,5495.000,456.700,1781.000,7510.000,16970.300,1458.490,5777.209
296,1230.100,6166.800,456.700,1781.000,7510.000,16970.300,1344.295,5972.004
297,1448.700,5393.700,456.700,1781.000,7510.000,16970.300,1396.498,5682.852
298,1556.000,5414.800,456.700,1781.000,7510.000,16970.300,1476.249,5548.826
299,1445.100,7352.900,456.700,1781.000,7510.000,16970.300,1460.674,6450.863
300,1264.400,5316.800,456.700,1781.000,7510.000,16970.300,1362.537,5883.832
301,3263.100,6693.100,456.700,1781.000,7510.000,16970.300,2312.819,6288.466
302,1341.500,5345.900,456.700,1781.000,7510.000,16970.300,1827.159,5817.183
303,1456.800,5786.800,456.700,1781.000,7510.000,16970.300,1641.980,5801.991
304,1353.600,5946.000,456.700,1781.000,7510.000,16970.300,1497.790,5873.996
305,2127.100,5902.400,456.700,1781.000,7510.000,16970.300,1812.445,5888.198
306,1369.600,5740.000,456.700,1781.000,7510.000,16970.300,1591.022,5814.099
307,2067.600,5808.600,456.700,1781.000,7510.000,16970.300,1829.311,5811.349
308,1269.200,5293.900,456.700,1781.000,7510.000,16970.300,1549.256,5552.625
309,1295.800,5891.900,456.700,1781.000,7510.000,16970.300,1422.528,5722.262
310,1415.500,5301.500,456.700,1781.000,7510.000,16970.300,1419.014,5511.881
311,1307.900,5902.800,456.700,1781.000,7510.000,16970.300,1363.457,5707.341
312,1256.000,5304.100,456.700,1781.000,7510.000,16970.300,1309.728,5505.720
313,1591.500,8123.000,456.700,1781.000,7510.000,16970.300,1450.614,6814.360
314,1393.900,5628.900,456.700,1781.000,7510.000,16970.300,1422.257,6221.630
315,2078.200,5696.000,456.700,1781.000,7510.000,16970.300,1750.229,5958.815
316,1261.400,5300.300,456.700,1781.000,7510.000,16970.300,1505.814,5629.558
317,2001.800,5449.100,456.700,1781.000,7510.000,16970.300,1753.807,5539.329
318,1272.600,5553.200,456.700,1781.000,7510.000,16970.300,1513.204,5546.264
319,2146.400,6261.600,456.700,1781.000,7510.000,16970.300,1829.802,5903.932
320,1334.400,5767.200,456.700,1781.000,7510.000,16970.300,1582.101,5835.566
321,1994.900,6568.300,456.700,1781.000,7510.000,16970.300,1788.500,6201.933
322,1373.200,6871.400,456.700,1781.000,7510.000,16970.300,1580.850,6536.667
323,1795.600,6924.300,456.700,1781.000,7510.000,16970.300,1688.225,6730.483
324,2042.400,7631.700,456.700,1781.000,7510.000,16970.300,1865.313,7181.092
325,1711.800,5538.300,456.700,1781.000,7510.000,16970.300,1788.556,6359.696
326,1289.900,7648.500,456.700,1781.000,7510.000,16970.300,1539.228,7004.098
327,1334.100,5975.900,456.700,1781.000,7510.000,16970.300,1436.664,6489.999
328,1371.400,5434.700,456.700,1781.000,7510.000,16970.300,1404.032,5962.349
329,1364.500,5509.100,456.700,1781.000,7510.000,16970.300,1384.266,5735.725
330,1222.100,7328.600,456.700,1781.000,7510.000,16970.300,1303.183,6532.162
331,1696.400,5616.800,456.700,1781.000,7510.000,16970.300,1499.792,6074.481
332,1261.100,7134.600,456.700,1781.000,7510.000,16970.300,1380.446,6604.541
333,1356.700,5291.500,456.700,1781.000,7510.000,16970.300,1368.573,5948.020
334,1970.700,6723.800,456.700,1781.000,7510.000,16970.300,1669.636,6335.910
335,1397.000,5240.900,456.700,1781.000,7510.000,16970.300,1533.318,5788.405
336,1330.700,5448.200,456.700,1781.000,7510.000,16970.300,1432.009,5618.303
337,1374.200,5255.700,456.700,1781.000,7510.000,16970.300,1403.105,5437.001
338,1308.100,6917.600,456.700,1781.000,7510.000,16970.300,1355.602,6177.301
339,1473.100,5748.000,456.700,1781.000,7510.000,16970.300,1414.351,5962.650
340,1199.300,7599.500,456.700,1781.000,7510.000,16970.300,1306.826,6781.075
341,1430.800,5319.300,456.700,1781.000,7510.000,16970.300,1368.813,6050.188
342,1220.900,6874.700,456.700,1781.000,7510.000,16970.300,1294.856,6462.444
343,1870.300,6305.100,456.700,1781.000,7510.000,16970.300,1582.578,6383.772
344,2503.200,6843.200,456.700,1781.000,7510.000,16970.300,2042.889,6613.486
345,1638.800,5876.700,456.700,1781.000,7510.000,16970.300,1840.845,6245.093
346,1587.500,6234.100,456.700,1781.000,7510.000,16970.300,1714.172,6239.596
347,1301.900,5371.100,456.700,1781.000,7510.000,16970.300,1508.036,5805.348
348,1908.600,6259.300,456.700,1781.000,7510.000,16970.300,1708.318,6032.324
349,1360.300,7261.200,456.700,1781.000,7510.000,16970.300,1534.309,6646.762
350,2331.300,7389.500,456.700,1781.000,7510.000,16970.300,1932.805,7018.131
351,1997.400,5771.900,456.700,1781.000,7510.000,16970.300,1965.102,6395.016
352,1579.500,5454.300,456.700,1781.000,7510.000,16970.300,1772.301,5924.658
353,2088.700,5621.100,456.700,1781.000,7510.000,16970.300,1930.501,5772.879
354,1745.400,6762.100,456.700,1781.000,7510.000,16970.300,1837.950,6267.489
355,1382.900,6418.600,456.700,1781.000,7510.000,16970.300,1610.425,6343.045
356,1778.100,6025.600,456.700,1781.000,7510.000,16970.300,1694.263,6184.322
357,1244.800,5340.000,456.700,1781.000,7510.000,16970.300,1469.531,5762.161
358,1498.700,5899.600,456.700,1781.000,7510.000,16970.300,1484.116,5830.881
359,1322.000,5603.700,456.700,1781.000,7510.000,16970.300,1403.058,5717.290
360,2170.300,6690.500,456.700,1781.000,7510.000,16970.300,1786.679,6203.895
361,1350.200,5914.100,456.700,1781.000,7510.000,16970.300,1568.439,6058.998
362,2339.400,6246.000,456.700,1781.000,7510.000,16970.300,1953.920,6152.499
363,1321.100,5551.100,456.700,1781.000,7510.000,16970.300,1637.510,5851.799
364,1461.100,6364.600,456.700,1781.000,7510.000,16970.300,1549.305,6108.200
365,1549.400,5629.400,456.700,1781.000,7510.000,16970.300,1549.352,5868.800
366,1512.200,6524.600,456.700,1781.000,7510.000,16970.300,1530.776,6196.700
367,1441.800,5860.500,456.700,1781.000,7510.000,16970.300,1486.288,6028.600
368,2733.100,5544.200,456.700,1781.000,7510.000,16970.300,2109.694,5786.400
369,1347.700,5151.500,456.700,1781.000,7510.000,16970.300,1728.697,5468.950
370,2541.200,5657.400,456.700,1781.000,7510.000,16970.300,2134.949,5563.175
371,1382.000,5403.500,456.700,1781.000,7510.000,16970.300,1758.474,5483.337
372,2993.900,8844.100,456.700,1781.000,7510.000,16970.300,2376.187,7163.719
373,2765.300,8176.100,456.700,1781.000,7510.000,16970.300,2570.744,7669.909
374,1354.900,5773.200,456.700,1781.000,7510.000,16970.300,1962.822,6721.555
375,1342.600,5582.900,456.700,1781.000,7510.000,16970.300,1652.711,6152.227
376,1318.200,5394.200,456.700,1781.000,7510.000,16970.300,1485.455,5773.214
377,1294.400,6197.100,456.700,1781.000,7510.000,16970.300,1389.928,5985.157
378,1445.400,6074.400,456.700,1781.000,7510.000,16970.300,1417.664,6029.778
379,1600.200,6926.200,456.700,1781.000,7510.000,16970.300,1508.932,6477.989
380,1477.000,5726.800,456.700,1781.000,7510.000,16970.300,1492.966,6102.395
381,1301.800,5434.700,456.700,1781.000,7510.000,16970.300,1397.383,5768.547
382,1374.900,5541.300,456.700,1781.000,7510.000,16970.300,1386.141,5654.924
383,1330.400,7630.500,456.700,1781.000,7510.000,16970.300,1358.271,6642.712
384,1561.200,5129.900,456.700,1781.000,7510.000,16970.300,1459.735,5886.306
385,1347.600,5274.700,456.700,1781.000,7510.000,16970.300,1403.668,5580.503
386,1814.300,5509.800,456.700,1781.000,7510.000,16970.300,1608.984,5545.151
387,1368.700,5494.800,456.700,1781.000,7510.000,16970.300,1488.842,5519.976
388,1408.200,5724.500,456.700,1781.000,7510.000,16970.300,1448.521,5622.238
389,1376.900,6813.700,456.700,1781.000,7510.000,16970.300,1412.710,6217.969
390,1785.700,5820.400,456.700,1781.000,7510.000,16970.300,1599.205,6019.184
391,1432.000,5875.700,456.700,1781.000,7510.000,16970.300,1515.603,5947.442
392,2157.200,5306.900,456.700,1781.000,7510.000,16970.300,1836.401,5627.171
393,1493.300,5863.200,456.700,1781.000,7510.000,16970.300,1664.851,5745.186
394,1876.900,5338.000,456.700,1781.000,7510.000,16970.300,1770.875,5541.593
395,1847.700,8505.900,456.700,1781.000,7510.000,16970.300,1809.288,7023.746
396,1499.100,5454.400,456.700,1781.000,7510.000,16970.300,1654.194,6239.073
397,1376.700,7277.700,456.700,1781.000,7510.000,16970.300,1515.447,6758.387
398,1634.400,5364.200,456.700,1781.000,7510.000,16970.300,1574.923,6061.293
399,2460.200,7054.500,456.700,1781.000,7510.000,16970.300,2017.562,6557.897
400,1472.000,5412.000,456.700,1781.000,7510.000,16970.300,1744.781,5984.948
401,2317.000,6839.700,456.700,1781.000,7510.000,16970.300,2030.890,6412.324
402,1885.700,8842.200,456.700,1781.000,7510.000,16970.300,1958.295,7627.262
403,2067.900,5853.500,456.700,1781.000,7510.000,16970.300,2013.098,6740.381
404,2304.400,8674.700,456.700,1781.000,7510.000,16970.300,2158.749,7707.541
405,1443.600,7616.300,456.700,1781.000,7510.000,16970.300,1801.174,7661.920
406,2347.200,6502.700,456.700,1781.000,7510.000,16970.300,2074.187,7082.310
407,2059.900,12657.700,456.700,1781.000,7510.000,16970.300,2067.044,9870.005
408,3735.600,6764.800,456.700,1781.000,7510.000,16970.300,2901.322,8317.403
409,3789.800,7431.400,456.700,1781.000,7510.000,16970.300,3345.561,7874.401
410,1808.200,7148.000,456.700,1781.000,7510.000,16970.300,2576.880,7511.201
411,1507.200,5481.800,456.700,1781.000,7510.000,16970.300,2042.040,6496.500
412,1542.600,6863.000,456.700,1781.000,7510.000,16970.300,1792.320,6679.750
413,1371.100,5989.500,456.700,1781.000,7510.000,16970.300,1581.710,6334.625
414,1677.000,6545.000,456.700,1781.000,7510.000,16970.300,1629.355,6439.813
415,1399.500,5445.500,456.700,1781.000,7510.000,16970.300,1514.428,5942.656
416,2142.000,5799.700,456.700,1781.000,7510.000,16970.300,1828.214,5871.178
417,1457.100,5819.900,456.700,1781.000,7510.000,16970.300,1642.657,5845.539
418,1658.700,5570.200,456.700,1781.000,7510.000,16970.300,1650.678,5707.870
419,1424.900,5751.300,456.700,1781.000,7510.000,16970.300,1537.789,5729.585
420,2189.400,6837.700,456.700,1781.000,7510.000,16970.300,1863.595,6283.642
421,1412.300,5214.400,456.700,1781.000,7510.000,16970.300,1637.947,5749.021
422,2446.800,6440.100,456.700,1781.000,7510.000,16970.300,2042.374,6094.561
423,1377.100,5307.700,456.700,1781.000,7510.000,16970.300,1709.737,5701.130
424,2038.200,5428.700,456.700,1781.000,7510.000,16970.300,1873.968,5564.915
425,1397.400,5296.000,456.700,1781.000,7510.000,16970.300,1635.684,5430.458
426,2353.500,5345.500,456.700,1781.000,7510.000,16970.300,1994.592,5387.979
427,1416.700,5623.700,456.700,1781.000,7510.000,16970.300,1705.646,5505.839
428,1725.600,6893.800,456.700,1781.000,7510.000,16970.300,1715.623,6199.820
429,1525.900,9509.100,456.700,1781.000,7510.000,16970.300,1620.762,7854.460
430,1997.000,7737.900,456.700,1781.000,7510.000,16970.300,1808.881,7796.180
431,1680.800,5971.200,456.700,1781.000,7510.000,16970.300,1744.840,6883.690
432,1494.600,6165.300,456.700,1781.000,7510.000,16970.300,1619.720,6524.495
433,1515.900,5232.800,456.700,1781.000,7510.000,16970.300,1567.810,5878.647
434,1468.100,6190.800,456.700,1781.000,7510.000,16970.300,1517.955,6034.724
435,1371.200,6655.600,456.700,1781.000,7510.000,16970.300,1444.578,6345.162
436,1390.100,5905.900,456.700,1781.000,7510.000,16970.300,1417.339,6125.531
437,1581.800,5325.900,456.700,1781.000,7510.000,16970.300,1499.569,5725.715
438,1515.900,5786.200,456.700,1781.000,7510.000,16970.300,1507.735,5755.958
439,1325.600,5881.000,456.700,1781.000,7510.000,16970.300,1416.667,5818.479
440,1371.000,5701.700,456.700,1781.000,7510.000,16970.300,1393.834,5760.089
441,1338.400,6003.900,456.700,1781.000,7510.000,16970.300,1366.117,5881.995
442,1992.300,5539.200,456.700,1781.000,7510.000,16970.300,1679.208,5710.597
443,1366.800,5360.800,456.700,1781.000,7510.000,16970.300,1523.004,5535.699
444,1427.600,5890.500,456.700,1781.000,7510.000,16970.300,1475.302,5713.099
445,1321.700,5478.300,456.700,1781.000,7510.000,16970.300,1398.501,5595.700
446,2491.500,5874.600,456.700,1781.000,7510.000,16970.300,1945.001,5735.150
447,1457.200,5826.900,456.700,1781.000,7510.000,16970.300,1701.100,5781.025
448,3203.700,6292.600,456.700,1781.000,7510.000,16970.300,2452.400,6036.812
449,1415.400,5606.500,456.700,1781.000,7510.000,16970.300,1933.900,5821.656
450,1483.100,5146.500,456.700,1781.000,7510.000,16970.300,1708.500,5484.078
451,1400.800,5911.800,456.700,1781.000,7510.000,16970.300,1554.650,5697.939
452,1496.200,5518.900,456.700,1781.000,7510.000,16970.300,1525.425,5608.420
453,1657.700,5869.200,456.700,1781.000,7510.000,16970.300,1591.563,5738.810
454,1431.600,5817.000,456.700,1781.000,7510.000,16970.300,1511.581,5777.905
455,1352.600,5732.400,456.700,1781.000,7510.000,16970.300,1432.091,5755.152
456,1491.300,5910.000,456.700,1781.000,7510.000,16970.300,1461.695,5832.576
457,1411.400,5548.200,456.700,1781.000,7510.000,16970.300,1436.548,5690.388
458,1434.600,5443.000,456.700,1781.000,7510.000,16970.300,1435.574,5566.694
459,1350.700,6542.800,456.700,1781.000,7510.000,16970.300,1393.137,6054.747
460,1460.900,6176.200,456.700,1781.000,7510.000,16970.300,1427.018,6115.474
461,1365.500,5470.000,456.700,1781.000,7510.000,16970.300,1396.259,5792.737
462,2324.900,6948.900,456.700,1781.000,7510.000,16970.300,1860.580,6370.818
463,1445.700,5857.800,456.700,1781.000,7510.000,16970.300,1653.140,6114.309
464,1923.400,5527.700,456.700,1781.000,7510.000,16970.300,1788.270,5821.005
465,1354.000,5554.700,456.700,1781.000,7510.000,16970.300,1571.135,5687.852
466,2376.400,6279.700,456.700,1781.000,7510.000,16970.300,1973.767,5983.776
467,1999.600,6685.600,456.700,1781.000,7510.000,16970.300,1986.684,6334.688
468,2317.200,5331.400,456.700,1781.000,7510.000,16970.300,2151.942,5833.044
469,1316.000,5223.000,456.700,1781.000,7510.000,16970.300,1733.971,5528.022
470,1416.300,5403.600,456.700,1781.000,7510.000,16970.300,1575.135,5465.811
471,1449.700,5508.500,456.700,1781.000,7510.000,16970.300,1512.418,5487.156
472,2069.800,6239.700,456.700,1781.000,7510.000,16970.300,1791.109,5863.428
473,1464.300,5336.200,456.700,1781.000,7510.000,16970.300,1627.704,5599.814
474,1396.700,6892.000,456.700,1781.000,7510.000,16970.300,1512.202,6245.907
475,1363.900,5158.600,456.700,1781.000,7510.000,16970.300,1438.051,5702.253
476,1434.800,6330.000,456.700,1781.000,7510.000,16970.300,1436.426,6016.127
477,1374.300,5230.900,456.700,1781.000,7510.000,16970.300,1405.363,5623.513
478,1436.900,6398.500,456.700,1781.000,7510.000,16970.300,1421.131,6011.007
479,2001.700,7422.400,456.700,1781.000,7510.000,16970.300,1711.416,6716.703
480,2400.100,5861.300,456.700,1781.000,7510.000,16970.300,2055.758,6289.002
481,1436.700,5103.500,456.700,1781.000,7510.000,16970.300,1746.229,5696.251
482,1749.400,5530.500,456.700,1781.000,7510.000,16970.300,1747.814,5613.375
483,1864.600,5379.400,456.700,1781.000,7510.000,16970.300,1806.207,5496.388
484,3196.500,5882.400,456.700,1781.000,7510.000,16970.300,2501.354,5689.394
485,1363.100,6906.000,456.700,1781.000,7510.000,16970.300,1932.227,6297.697
486,2219.500,6219.400,456.700,1781.000,7510.000,16970.300,2075.863,6258.548
487,1376.600,6952.100,456.700,1781.000,7510.000,16970.300,1726.232,6605.324
488,1396.700,7699.300,456.700,1781.000,7510.000,16970.300,1561.466,7152.312
489,1837.500,8139.800,456.700,1781.000,7510.000,16970.300,1699.483,7646.056
490,1405.000,6958.400,456.700,1781.000,7510.000,16970.300,1552.241,7302.228
491,2354.000,5829.400,456.700,1781.000,7510.000,16970.300,1953.121,6565.814
492,1594.500,5563.900,456.700,1781.000,7510.000,16970.300,1773.810,6064.857
493,3170.200,6793.800,456.700,1781.000,7510.000,16970.300,2472.005,6429.329
494,1949.100,7877.800,456.700,1781.000,7510.000,16970.300,2210.553,7153.564
495,2364.100,6865.500,456.700,1781.000,7510.000,16970.300,2287.326,7009.532
496,2001.800,7850.100,456.700,1781.000,7510.000,16970.300,2144.563,7429.816
497,2069.300,6477.200,456.700,1781.000,7510.000,16970.300,2106.932,6953.508
498,2422.600,6842.800,456.700,1781.000,7510.000,16970.300,2264.766,6898.154
499,1393.000,7419.800,456.700,1781.000,7510.000,16970.300,1828.883,7158.977
500,2228.400,6301.900,456.700,1781.000,7510.000,16970.300,2028.641,6730.439
501,1393.500,8402.500,456.700,1781.000,7510.000,16970.300,1711.071,7566.469
502,1437.600,5475.300,456.700,1781.000,7510.000,16970.300,1574.335,6520.885
503,2047.000,7536.300,456.700,1781.000,7510.000,16970.300,1810.668,7028.592
504,1542.100,5404.100,456.700,1781.000,7510.000,16970.300,1676.384,6216.346
505,4724.600,7108.800,456.700,1781.000,7510.000,16970.300,3200.492,6662.573
506,1403.000,10795.600,456.700,1781.000,7510.000,16970.300,2301.746,8729.087
507,1455.700,6114.400,456.700,1781.000,7510.000,16970.300,1878.723,7421.743
508,2364.800,5907.800,456.700,1781.000,7510.000,16970.300,2121.761,6664.772
509,1359.500,7165.500,456.700,1781.000,7510.000,16970.300,1740.631,6915.136
510,3030.400,9362.600,456.700,1781.000,7510.000,16970.300,2385.515,8138.868
511,1983.000,6078.900,456.700,1781.000,7510.000,16970.300,2184.258,7108.884
512,1654.900,5888.700,456.700,1781.000,7510.000,16970.300,1919.579,6498.792
513,1636.100,6397.100,456.700,1781.000,7510.000,16970.300,1777.839,6447.946
514,2902.300,7830.800,456.700,1781.000,7510.000,16970.300,2340.070,7139.373
515,2277.900,6119.500,456.700,1781.000,7510.000,16970.300,2308.985,6629.436
516,1540.600,6173.800,456.700,1781.000,7510.000,16970.300,1924.792,6401.618
517,2198.400,5730.800,456.700,1781.000,7510.000,16970.300,2061.596,6066.209
518,1403.500,7510.400,456.700,1781.000,7510.000,16970.300,1732.548,6788.305
519,1664.700,6888.600,456.700,1781.000,7510.000,16970.300,1698.624,6838.452
520,4362.200,9549.800,456.700,1781.000,7510.000,16970.300,3030.412,8194.126
521,5231.500,11788.500,456.700,1781.000,7510.000,16970.300,4130.956,9991.313
522,7269.900,22730.900,456.700,1781.000,7510.000,22730.900,5700.428,16361.107
523,2082.400,5965.200,456.700,1781.000,7510.000,22730.900,3891.414,11163.153
524,1926.500,3382.200,456.700,1781.000,7510.000,22730.900,2908.957,7272.677
525,994.600,2741.600,456.700,1781.000,7510.000,22730.900,1951.779,5007.138
526,1125.800,3757.400,456.700,1781.000,7510.000,22730.900,1538.789,4382.269
527,843.400,2688.300,456.700,1781.000,7510.000,22730.900,1191.095,3535.285
528,685.800,2459.800,456.700,1781.000,7510.000,22730.900,938.447,2997.542
529,654.600,2015.900,456.700,1781.000,7510.000,22730.900,796.524,2506.721
530,756.400,2714.900,456.700,1781.000,7510.000,22730.900,776.462,2610.811
531,678.600,2515.000,456.700,1781.000,7510.000,22730.900,727.531,2562.905
532,590.300,1909.100,456.700,1781.000,7510.000,22730.900,658.915,2236.003
533,483.500,1811.800,456.700,1781.000,7510.000,22730.900,571.208,2023.901
534,453.200,1848.600,453.200,1781.000,7510.000,22730.900,512.204,1936.251
535,462.600,1846.200,453.200,1781.000,7510.000,22730.900,487.402,1891.225
536,452.000,2055.000,452.000,1781.000,7510.000,22730.900,469.701,1973.113
537,565.500,2775.600,452.000,1781.000,7510.000,22730.900,517.600,2374.356
538,606.600,1873.500,452.000,1781.000,7510.000,22730.900,562.100,2123.928
539,460.800,1859.300,452.000,1781.000,7510.000,22730.900,511.450,1991.614
540,511.600,1879.700,452.000,1781.000,7510.000,22730.900,511.525,1935.657
541,524.000,1911.900,452.000,1781.000,7510.000,22730.900,517.763,1923.779
542,566.600,2340.100,452.000,1781.000,7510.000,22730.900,542.181,2131.939
543,852.700,2065.100,452.000,1781.000,7510.000,22730.900,697.441,2098.520
544,584.900,1878.200,452.000,1781.000,7510.000,22730.900,641.170,1988.360
545,473.400,1887.500,452.000,1781.000,7510.000,22730.900,557.285,1937.930
546,480.100,1804.900,452.000,1781.000,7510.000,22730.900,518.693,1871.415
547,938.200,3971.400,452.000,1781.000,7510.000,22730.900,728.446,2921.407
548,964.100,3970.600,452.000,1781.000,7510.000,22730.900,846.273,3446.004
549,909.100,3515.500,452.000,1781.000,7510.000,22730.900,877.687,3480.752
550,920.000,4563.700,452.000,1781.000,7510.000,22730.900,898.843,4022.226
551,1526.200,3669.000,452.000,1781.000,7510.000,22730.900,1212.522,3845.613
552,928.300,3526.800,452.000,1781.000,7510.000,22730.900,1070.411,3686.206
553,862.500,4042.900,452.000,1781.000,7510.000,22730.900,966.455,3864.553
554,975.100,3964.800,452.000,1781.000,7510.000,22730.900,970.778,3914.677
555,923.800,3776.900,452.000,1781.000,7510.000,22730.900,947.289,3845.788
556,1545.300,5106.900,452.000,1781.000,7510.000,22730.900,1246.294,4476.344
557,1177.100,3717.800,452.000,1781.000,7510.000,22730.900,1211.697,4097.072
558,960.000,3887.300,452.000,1781.000,7510.000,22730.900,1085.849,3992.186
559,978.000,4692.100,452.000,1781.000,7510.000,22730.900,1031.924,4342.143
560,1068.000,3708.000,452.000,1781.000,7510.000,22730.900,1049.962,4025.072
561,939.900,3763.200,452.000,1781.000,7510.000,22730.900,994.931,3894.136
562,964.700,3667.900,452.000,1781.000,7510.000,22730.900,979.816,3781.018
563,1538.200,4078.200,452.000,1781.000,7510.000,22730.900,1259.008,3929.609
564,912.600,3963.800,452.000,1781.000,7510.000,22730.900,1085.804,3946.704
565,1130.800,4566.200,452.000,1781.000,7510.000,22730.900,1108.302,4256.452
566,1584.900,5608.600,452.000,1781.000,7510.000,22730.900,1346.601,4932.526
567,1621.100,6374.600,452.000,1781.000,7510.000,22730.900,1483.850,5653.563
568,1438.400,5628.500,452.000,1781.000,7510.000,22730.900,1461.125,5641.032
569,1377.600,5186.000,452.000,1781.000,7510.000,22730.900,1419.363,5413.516
570,1365.100,5418.100,452.000,1781.000,7510.000,22730.900,1392.231,5415.808
571,1370.600,5192.300,452.000,1781.000,7510.000,22730.900,1381.416,5304.054
572,1939.600,6354.300,452.000,1781.000,7510.000,22730.900,1660.508,5829.177
573,2909.300,5894.200,452.000,1781.000,7510.000,22730.900,2284.904,5861.688
574,1887.000,5897.600,452.000,1781.000,7510.000,22730.900,2085.952,5879.644
575,1455.600,5421.900,452.000,1781.000,7510.000,22730.900,1770.776,5650.772
576,2924.200,5398.700,452.000,1781.000,7510.000,22730.900,2347.488,5524.736
577,1601.300,5632.100,452.000,1781.000,7510.000,22730.900,1974.394,5578.418
578,2051.000,5830.900,452.000,1781.000,7510.000,22730.900,2012.697,5704.659
579,1455.600,5629.000,452.000,1781.000,7510.000,22730.900,1734.148,5666.830
580,1612.400,5169.300,452.000,1781.000,7510.000,22730.900,1673.274,5418.065
581,1364.800,5223.900,452.000,1781.000,7510.000,22730.900,1519.037,5320.982
582,2248.100,5878.900,452.000,1781.000,7510.000,22730.900,1883.569,5599.941
583,1383.300,6228.300,452.000,1781.000,7510.000,22730.900,1633.434,5914.121
584,1661.600,5455.600,452.000,1781.000,7510.000,22730.900,1647.517,5684.860
585,1399.000,5752.400,452.000,1781.000,7510.000,22730.900,1523.259,5718.630
586,1894.400,5948.200,452.000,1781.000,7510.000,22730.900,1708.829,5833.415
587,1422.100,5636.400,452.000,1781.000,7510.000,22730.900,1565.465,5734.908
588,1374.100,6283.700,452.000,1781.000,7510.000,22730.900,1469.782,6009.304
589,1476.100,6682.400,452.000,1781.000,7510.000,22730.900,1472.941,6345.852
590,2524.400,6398.800,452.000,1781.000,7510.000,22730.900,1998.671,6372.326
591,1831.300,6220.900,452.000,1781.000,7510.000,22730.900,1914.985,6296.613
592,2155.800,5516.100,452.000,1781.000,7510.000,22730.900,2035.393,5906.356
593,1589.300,5761.500,452.000,1781.000,7510.000,22730.900,1812.346,5833.928
594,2153.500,5397.400,452.000,1781.000,7510.000,22730.900,1982.923,5615.664
595,1839.900,6445.300,452.000,1781.000,7510.000,22730.900,1911.412,6030.482
596,2505.000,5690.600,452.000,1781.000,7510.000,22730.900,2208.206,5860.541
597,1321.600,5743.900,452.000,1781.000,7510.000,22730.900,1764.903,5802.221
598,2278.700,6047.000,452.000,1781.000,7510.000,22730.900,2021.801,5924.610
599,1370.500,5206.700,452.000,1781.000,7510.000,22730.900,1696.151,5565.655
600,1748.800,5351.500,452.000,1781.000,7510.000,22730.900,1722.475,5458.578
601,1349.400,5780.800,452.000,1781.000,7510.000,22730.900,1535.938,5619.689
602,2395.100,5369.700,452.000,1781.000,7510.000,22730.900,1965.519,5494.694
603,1403.600,6314.300,452.000,1781.000,7510.000,22730.900,1684.559,5904.497
604,2750.800,7771.000,452.000,1781.000,7510.000,22730.900,2217.680,6837.749
605,1610.600,8045.000,452.000,1781.000,7510.000,22730.900,1914.140,7441.374
606,1498.200,5389.900,452.000,1781.000,7510.000,22730.900,1706.170,6415.637
607,3360.600,5454.100,452.000,1781.000,7510.000,22730.900,2533.385,5934.869
608,1649.600,5684.100,452.000,1781.000,7510.000,22730.900,2091.492,5809.484
609,2016.400,5417.200,452.000,1781.000,7510.000,22730.900,2053.946,5613.342
610,1449.800,5361.800,452.000,1781.000,7510.000,22730.900,1751.873,5487.571
611,2364.100,5794.700,452.000,1781.000,7510.000,22730.900,2057.987,5641.136
612,1348.000,5334.700,452.000,1781.000,7510.000,22730.900,1702.993,5487.918
613,1581.100,6236.800,452.000,1781.000,7510.000,22730.900,1642.047,5862.359
614,1357.500,5231.900,452.000,1781.000,7510.000,22730.900,1499.773,5547.129
615,1590.200,5382.600,452.000,1781.000,7510.000,22730.900,1544.987,5464.865
616,1434.300,5190.700,452.000,1781.000,7510.000,22730.900,1489.643,5327.782
617,1314.700,6520.800,452.000,1781.000,7510.000,22730.900,1402.172,5924.291
618,1397.900,5213.400,452.000,1781.000,7510.000,22730.900,1400.036,5568.846
619,1594.800,6534.800,452.000,1781.000,7510.000,22730.900,1497.418,6051.823
620,2061.500,6263.800,452.000,1781.000,7510.000,22730.900,1779.459,6157.811
621,2031.300,7012.100,452.000,1781.000,7510.000,22730.900,1905.379,6584.956
622,1643.400,5377.500,452.000,1781.000,7510.000,22730.900,1774.390,5981.228
623,1431.600,5274.800,452.000,1781.000,7510.000,22730.900,1602.995,5628.014
624,1779.400,5320.900,452.000,1781.000,7510.000,22730.900,1691.197,5474.457
625,1365.700,5352.300,452.000,1781.000,7510.000,22730.900,1528.449,5413.378
626,1695.900,5345.900,452.000,1781.000,7510.000,22730.900,1612.174,5379.639
627,1406.500,5927.900,452.000,1781.000,7510.000,22730.900,1509.337,5653.770
628,1739.700,5350.400,452.000,1781.000,7510.000,22730.900,1624.519,5502.085
629,1352.800,5187.600,452.000,1781.000,7510.000,22730.900,1488.659,5344.842
630,1415.200,5814.400,452.000,1781.000,7510.000,22730.900,1451.930,5579.621
631,1336.300,11120.300,452.000,1781.000,7510.000,22730.900,1394.115,8349.961
632,3043.800,9651.700,452.000,1781.000,7510.000,22730.900,2218.957,9000.830
633,2639.400,7582.300,452.000,1781.000,7510.000,22730.900,2429.179,8291.565
634,2143.800,8369.400,452.000,1781.000,7510.000,22730.900,2286.489,8330.483
635,2029.000,10323.600,452.000,1781.000,7510.000,22730.900,2157.745,9327.041
636,1995.300,5651.100,452.000,1781.000,7510.000,22730.900,2076.522,7489.071
637,3772.700,7761.700,452.000,1781.000,7510.000,22730.900,2924.611,7625.385
638,4537.200,11293.500,452.000,1781.000,7510.000,22730.900,3730.906,9459.443
639,2553.000,7594.800,452.000,1781.000,7510.000,22730.900,3141.953,8527.121
640,2273.900,15949.800,452.000,1781.000,7510.000,22730.900,2707.926,12238.461
641,824.700,3487.400,452.000,1781.000,7510.000,22730.900,1766.313,7862.930
642,855.500,3857.600,452.000,1781.000,7510.000,22730.900,1310.907,5860.265
643,836.600,2966.500,452.000,1781.000,7510.000,22730.900,1073.753,4413.383
644,745.600,2908.200,452.000,1781.000,7510.000,22730.900,909.677,3660.791
645,1104.600,3835.400,452.000,1781.000,7510.000,22730.900,1007.138,3748.096
646,1299.700,4285.300,452.000,1781.000,7510.000,22730.900,1153.419,4016.698
647,1060.800,4239.700,452.000,1781.000,7510.000,22730.900,1107.110,4128.199
648,864.300,4058.900,452.000,1781.000,7510.000,22730.900,985.705,4093.549
649,836.100,3369.100,452.000,1781.000,7510.000,22730.900,910.902,3731.325
650,764.600,3613.200,452.000,1781.000,7510.000,22730.900,837.751,3672.262
651,816.800,3232.500,452.000,1781.000,7510.000,22730.900,827.276,3452.381
652,786.300,3634.800,452.000,1781.000,7510.000,22730.900,806.788,3543.591
653,1043.600,4240.900,452.000,1781.000,7510.000,22730.900,925.194,3892.245
654,1171.300,4199.500,452.000,1781.000,7510.000,22730.900,1048.247,4045.873
655,809.500,2938.800,452.000,1781.000,7510.000,22730.900,928.873,3492.336
656,892.300,2880.200,452.000,1781.000,7510.000,22730.900,910.587,3186.268
657,970.300,3054.700,452.000,1781.000,7510.000,22730.900,940.443,3120.484
658,820.000,3644.800,452.000,1781.000,7510.000,22730.900,880.222,3382.642
659,1035.000,4031.300,452.000,1781.000,7510.000,22730.900,957.611,3706.971
660,1110.600,3757.800,452.000,1781.000,7510.000,22730.900,1034.105,3732.386
661,801.800,2874.600,452.000,1781.000,7510.000,22730.900,917.953,3303.493
662,732.400,2879.600,452.000,1781.000,7510.000,22730.900,825.176,3091.546
663,901.300,3578.800,452.000,1781.000,7510.000,22730.900,863.238,3335.173
664,911.200,2896.000,452.000,1781.000,7510.000,22730.900,887.219,3115.587
665,738.000,2888.400,452.000,1781.000,7510.000,22730.900,812.610,3001.993
666,722.100,3244.900,452.000,1781.000,7510.000,22730.900,767.355,3123.447
667,794.300,3453.300,452.000,1781.000,7510.000,22730.900,780.827,3288.373
668,752.100,3030.000,452.000,1781.000,7510.000,22730.900,766.464,3159.187
669,1139.500,4442.300,452.000,1781.000,7510.000,22730.900,952.982,3800.743
670,1192.900,4067.800,452.000,1781.000,7510.000,22730.900,1072.941,3934.272
671,856.300,3086.200,452.000,1781.000,7510.000,22730.900,964.620,3510.236
672,902.200,3339.500,452.000,1781.000,7510.000,22730.900,933.410,3424.868
673,778.300,3242.600,452.000,1781.000,7510.000,22730.900,855.855,3333.734
674,867.100,3282.400,452.000,1781.000,7510.000,22730.900,861.478,3308.067
675,765.200,2920.400,452.000,1781.000,7510.000,22730.900,813.339,3114.233
676,712.700,2874.100,452.000,1781.000,7510.000,22730.900,763.019,2994.167
677,1370.500,4652.200,452.000,1781.000,7510.000,22730.900,1066.760,3823.183
678,1018.900,3720.100,452.000,1781.000,7510.000,22730.900,1042.830,3771.642
679,997.300,3574.300,452.000,1781.000,7510.000,22730.900,1020.065,3672.971
680,991.200,3819.500,452.000,1781.000,7510.000,22730.900,1005.632,3746.235
681,985.900,3621.500,452.000,1781.000,7510.000,22730.900,995.766,3683.868
682,882.800,3687.600,452.000,1781.000,7510.000,22730.900,939.283,3685.734
683,918.600,3931.100,452.000,1781.000,7510.000,22730.900,928.942,3808.417
684,958.800,3646.200,452.000,1781.000,7510.000,22730.900,943.871,3727.308
685,914.800,3914.100,452.000,1781.000,7510.000,22730.900,929.335,3820.704
686,906.500,3606.000,452.000,1781.000,7510.000,22730.900,917.918,3713.352
687,1330.000,3514.900,452.000,1781.000,7510.000,22730.900,1123.959,3614.126
688,926.000,3640.900,452.000,1781.000,7510.000,22730.900,1024.979,3627.513
689,948.500,3638.800,452.000,1781.000,7510.000,22730.900,986.740,3633.157
690,1016.900,3526.500,452.000,1781.000,7510.000,22730.900,1001.820,3579.828
691,938.900,3360.800,452.000,1781.000,7510.000,22730.900,970.360,3470.314
692,1110.200,3675.200,452.000,1781.000,7510.000,22730.900,1040.280,3572.757
693,1167.100,4482.100,452.000,1781.000,7510.000,22730.900,1103.690,4027.429
694,1194.400,6031.700,452.000,1781.000,7510.000,22730.900,1149.045,5029.564
695,1613.400,7701.800,452.000,1781.000,7510.000,22730.900,1381.222,6365.682
696,1950.600,6029.000,452.000,1781.000,7510.000,22730.900,1665.911,6197.341
697,1511.300,7018.700,452.000,1781.000,7510.000,22730.900,1588.606,6608.021
698,1526.100,5724.900,452.000,1781.000,7510.000,22730.900,1557.353,6166.460
699,1451.200,6006.100,452.000,1781.000,7510.000,22730.900,1504.276,6086.280
700,1382.700,5654.100,452.000,1781.000,7510.000,22730.900,1443.488,5870.190
701,1552.400,5912.200,452.000,1781.000,7510.000,22730.900,1497.944,5891.195
702,1445.300,5368.900,452.000,1781.000,7510.000,22730.900,1471.622,5630.048
703,1596.800,5842.900,452.000,1781.000,7510.000,22730.900,1534.211,5736.474
704,1483.200,5039.200,452.000,1781.000,7510.000,22730.900,1508.706,5387.837
705,1339.400,6157.400,452.000,1781.000,7510.000,22730.900,1424.053,5772.618
706,1403.300,5013.500,452.000,1781.000,7510.000,22730.900,1413.676,5393.059
707,1343.000,5909.000,452.000,1781.000,7510.000,22730.900,1378.338,5651.030
708,1467.100,5271.100,452.000,1781.000,7510.000,22730.900,1422.719,5461.065
709,1324.200,6774.200,452.000,1781.000,7510.000,22730.900,1373.460,6117.632
710,1918.800,5687.500,452.000,1781.000,7510.000,22730.900,1646.130,5902.566
711,1328.500,5812.500,452.000,1781.000,7510.000,22730.900,1487.315,5857.533
712,1703.000,5423.200,452.000,1781.000,7510.000,22730.900,1595.157,5640.367
713,1310.400,6793.100,452.000,1781.000,7510.000,22730.900,1452.779,6216.733
714,1698.800,5876.900,452.000,1781.000,7510.000,22730.900,1575.789,6046.817
715,1298.000,5515.300,452.000,1781.000,7510.000,22730.900,1436.895,5781.058
716,1425.400,5574.300,452.000,1781.000,7510.000,22730.900,1431.147,5677.679
717,1344.600,5678.800,452.000,1781.000,7510.000,22730.900,1387.874,5678.240
718,1493.400,6383.800,452.000,1781.000,7510.000,22730.900,1440.637,6031.020
719,1761.900,5296.200,452.000,1781.000,7510.000,22730.900,1601.268,5663.610
720,2386.300,5134.200,452.000,1781.000,7510.000,22730.900,1993.784,5398.905
721,1771.100,5326.500,452.000,1781.000,7510.000,22730.900,1882.442,5362.702
722,1719.800,5671.500,452.000,1781.000,7510.000,22730.900,1801.121,5517.101
723,1556.800,7012.100,452.000,1781.000,7510.000,22730.900,1678.961,6264.601
724,1970.100,6057.100,452.000,1781.000,7510.000,22730.900,1824.530,6160.850
725,1514.300,9970.500,452.000,1781.000,7510.000,22730.900,1669.415,8065.675
726,2781.000,9411.500,452.000,1781.000,7510.000,22730.900,2225.208,8738.588
727,2014.500,6498.800,452.000,1781.000,7510.000,22730.900,2119.854,7618.694
728,1813.100,7799.900,452.000,1781.000,7510.000,22730.900,1966.477,7709.297
729,1613.300,5862.100,452.000,1781.000,7510.000,22730.900,1789.888,6785.698
730,1677.200,6371.200,452.000,1781.000,7510.000,22730.900,1733.544,6578.449
731,1945.200,6664.500,452.000,1781.000,7510.000,22730.900,1839.372,6621.475
732,1785.800,7271.700,452.000,1781.000,7510.000,22730.900,1812.586,6946.587
733,1547.500,7456.700,452.000,1781.000,7510.000,22730.900,1680.043,7201.644
734,3026.200,6294.300,452.000,1781.000,7510.000,22730.900,2353.122,6747.972
735,1683.300,7308.100,452.000,1781.000,7510.000,22730.900,2018.211,7028.036
736,1802.500,5712.800,452.000,1781.000,7510.000,22730.900,1910.355,6370.418
737,2126.100,7877.700,452.000,1781.000,7510.000,22730.900,2018.228,7124.059
738,1806.100,6231.000,452.000,1781.000,7510.000,22730.900,1912.164,6677.529
739,1902.900,6453.700,452.000,1781.000,7510.000,22730.900,1907.532,6565.615
740,1442.600,5553.800,452.000,1781.000,7510.000,22730.900,1675.066,6059.707
741,1589.600,5768.900,452.000,1781.000,7510.000,22730.900,1632.333,5914.304
742,1377.400,6041.200,452.000,1781.000,7510.000,22730.900,1504.866,5977.752
743,1443.100,5848.300,452.000,1781.000,7510.000,22730.900,1473.983,5913.026
744,1409.900,5987.900,452.000,1781.000,7510.000,22730.900,1441.942,5950.463
745,1521.500,5830.000,452.000,1781.000,7510.000,22730.900,1481.721,5890.231
746,1878.200,5352.000,452.000,1781.000,7510.000,22730.900,1679.960,5621.116
747,1344.200,6308.700,452.000,1781.000,7510.000,22730.900,1512.080,5964.908
748,1379.000,5162.700,452.000,1781.000,7510.000,22730.900,1445.540,5563.804
749,1508.600,6723.500,452.000,1781.000,7510.000,22730.900,1477.070,6143.652
750,1406.000,5211.600,452.000,1781.000,7510.000,22730.900,1441.535,5677.626
751,2175.400,6901.500,452.000,1781.000,7510.000,22730.900,1808.468,6289.563
752,1452.000,5492.600,452.000,1781.000,7510.000,22730.900,1630.234,5891.081
753,2441.000,8031.800,452.000,1781.000,7510.000,22730.900,2035.617,6961.441
754,1719.400,5484.200,452.000,1781.000,7510.000,22730.900,1877.508,6222.820
755,1856.600,5430.800,452.000,1781.000,7510.000,22730.900,1867.054,5826.810
756,1429.200,5377.600,452.000,1781.000,7510.000,22730.900,1648.127,5602.205
757,2380.200,5525.200,452.000,1781.000,7510.000,22730.900,2014.164,5563.703
758,1397.600,5776.000,452.000,1781.000,7510.000,22730.900,1705.882,5669.851
759,1821.800,5378.100,452.000,1781.000,7510.000,22730.900,1763.841,5523.976
760,1451.600,5946.500,452.000,1781.000,7510.000,22730.900,1607.720,5735.238
761,2516.400,7179.000,452.000,1781.000,7510.000,22730.900,2062.060,6457.119
762,1374.900,6296.400,452.000,1781.000,7510.000,22730.900,1718.480,6376.759
763,2587.200,8575.000,452.000,1781.000,7510.000,22730.900,2152.840,7475.880
764,2052.900,5376.800,452.000,1781.000,7510.000,22730.900,2102.870,6426.340
765,1376.700,5289.100,452.000,1781.000,7510.000,22730.900,1739.785,5857.720
766,1758.100,6492.800,452.000,1781.000,7510.000,22730.900,1748.943,6175.260
767,1507.600,5270.800,452.000,1781.000,7510.000,22730.900,1628.271,5723.030
768,1360.800,5733.700,452.000,1781.000,7510.000,22730.900,1494.536,5728.365
769,1421.200,5850.000,452.000,1781.000,7510.000,22730.900,1457.868,5789.182
770,1462.500,6597.900,452.000,1781.000,7510.000,22730.900,1460.184,6193.541
771,1457.800,5513.300,452.000,1781.000,7510.000,22730.900,1458.992,5853.421
772,1413.000,8172.200,452.000,1781.000,7510.000,22730.900,1435.996,7012.810
773,2804.100,8325.200,452.000,1781.000,7510.000,22730.900,2120.048,7669.005
774,1446.900,7720.500,452.000,1781.000,7510.000,22730.900,1783.474,7694.753
775,1366.500,5607.200,452.000,1781.000,7510.000,22730.900,1574.987,6650.976
776,1950.200,5958.400,452.000,1781.000,7510.000,22730.900,1762.593,6304.688
777,1392.200,5333.400,452.000,1781.000,7510.000,22730.900,1577.397,5819.044
778,2222.800,7633.300,452.000,1781.000,7510.000,22730.900,1900.098,6726.172
779,1892.600,6506.900,452.000,1781.000,7510.000,22730.900,1896.349,6616.536
780,1818.100,5531.800,452.000,1781.000,7510.000,22730.900,1857.225,6074.168
781,1484.000,7426.500,452.000,1781.000,7510.000,22730.900,1670.612,6750.334
782,1488.100,5417.100,452.000,1781.000,7510.000,22730.900,1579.356,6083.717
783,1412.400,6432.100,452.000,1781.000,7510.000,22730.900,1495.878,6257.909
784,1506.800,5634.600,452.000,1781.000,7510.000,22730.900,1501.339,5946.254
785,2181.800,7405.900,452.000,1781.000,7510.000,22730.900,1841.570,6676.077
786,2231.000,9374.900,452.000,1781.000,7510.000,22730.900,2036.285,8025.489
787,2329.000,8780.800,452.000,1781.000,7510.000,22730.900,2182.642,8403.144
788,3094.900,8418.400,452.000,1781.000,7510.000,22730.900,2638.771,8410.772
789,2009.700,7236.700,452.000,1781.000,7510.000,22730.900,2324.236,7823.736
790,1437.300,5420.800,452.000,1781.000,7510.000,22730.900,1880.768,6622.268
791,1761.600,6032.000,452.000,1781.000,7510.000,22730.900,1821.184,6327.134
792,1434.800,5335.400,452.000,1781.000,7510.000,22730.900,1627.992,5831.267
793,1370.200,6226.200,452.000,1781.000,7510.000,22730.900,1499.096,6028.734
794,1397.600,5349.800,452.000,1781.000,7510.000,22730.900,1448.348,5689.267
795,1327.900,5515.900,452.000,1781.000,7510.000,22730.900,1388.124,5602.583
796,1533.700,5557.000,452.000,1781.000,7510.000,22730.900,1460.912,5579.792
797,1390.600,5512.500,452.000,1781.000,7510.000,22730.900,1425.756,5546.146
798,1791.900,6166.700,452.000,1781.000,7510.000,22730.900,1608.828,5856.423
799,1437.600,5633.300,452.000,1781.000,7510.000,22730.900,1523.214,5744.861
800,1509.200,6210.900,452.000,1781.000,7510.000,22730.900,1516.207,5977.881
801,1418.100,5397.800,452.000,1781.000,7510.000,22730.900,1467.153,5687.840
802,2134.400,6276.100,452.000,1781.000,7510.000,22730.900,1800.777,5981.970
803,1420.100,5247.100,452.000,1781.000,7510.000,22730.900,1610.438,5614.535
804,1464.800,6133.000,452.000,1781.000,7510.000,22730.900,1537.619,5873.768
805,1441.100,5943.600,452.000,1781.000,7510.000,22730.900,1489.360,5908.684
806,4048.400,5463.800,452.000,1781.000,7510.000,22730.900,2768.880,5686.242
807,1389.300,6028.600,452.000,1781.000,7510.000,22730.900,2079.090,5857.421
808,2433.600,5775.700,452.000,1781.000,7510.000,22730.900,2256.345,5816.560
809,1362.700,9596.000,452.000,1781.000,7510.000,22730.900,1809.522,7706.280
810,2015.100,8107.400,452.000,1781.000,7510.000,22730.900,1912.311,7906.840
811,2237.500,5704.400,452.000,1781.000,7510.000,22730.900,2074.906,6805.620
812,1804.900,6820.800,452.000,1781.000,7510.000,22730.900,1939.903,6813.210
813,1503.700,5497.100,452.000,1781.000,7510.000,22730.900,1721.801,6155.155
814,1373.400,7042.700,452.000,1781.000,7510.000,22730.900,1547.601,6598.928
815,1908.300,7339.000,452.000,1781.000,7510.000,22730.900,1727.950,6968.964
816,2355.400,7574.200,452.000,1781.000,7510.000,22730.900,2041.675,7271.582
817,1422.400,6244.700,452.000,1781.000,7510.000,22730.900,1732.038,6758.141
818,2126.600,6431.800,452.000,1781.000,7510.000,22730.900,1929.319,6594.970
819,1455.400,7352.700,452.000,1781.000,7510.000,22730.900,1692.359,6973.835
820,2997.100,7863.000,452.000,1781.000,7510.000,22730.900,2344.730,7418.418
821,1912.800,6707.000,452.000,1781.000,7510.000,22730.900,2128.765,7062.709
822,1748.100,5337.600,452.000,1781.000,7510.000,22730.900,1938.432,6200.154
823,1549.800,6520.000,452.000,1781.000,7510.000,22730.900,1744.116,6360.077
824,1939.800,7187.300,452.000,1781.000,7510.000,22730.900,1841.958,6773.689
825,2381.300,5732.500,452.000,1781.000,7510.000,22730.900,2111.629,6253.094
826,825.200,2943.900,452.000,1781.000,7510.000,22730.900,1468.415,4598.497
827,848.200,4202.000,452.000,1781.000,7510.000,22730.900,1158.307,4400.249
828,921.700,3727.700,452.000,1781.000,7510.000,22730.900,1040.004,4063.974
829,669.300,2622.700,452.000,1781.000,7510.000,22730.900,854.652,3343.337
830,610.900,2473.700,452.000,1781.000,7510.000,22730.900,732.776,2908.519
831,820.000,2994.600,452.000,1781.000,7510.000,22730.900,776.388,2951.559
832,683.400,2016.400,452.000,1781.000,7510.000,22730.900,729.894,2483.980
833,505.200,2009.200,452.000,1781.000,7510.000,22730.900,617.547,2246.590
834,522.000,2136.800,452.000,1781.000,7510.000,22730.900,569.773,2191.695
835,526.600,2036.200,452.000,1781.000,7510.000,22730.900,548.187,2113.947
836,652.000,2457.400,452.000,1781.000,7510.000,22730.900,600.093,2285.674
837,595.400,2055.600,452.000,1781.000,7510.000,22730.900,597.747,2170.637
838,443.200,1799.100,443.200,1781.000,7510.000,22730.900,520.473,1984.868
839,431.700,1793.100,431.700,1781.000,7510.000,22730.900,476.087,1888.984
840,446.000,1770.500,431.700,1770.500,7510.000,22730.900,461.043,1829.742
841,431.600,1836.900,431.600,1770.500,7510.000,22730.900,446.322,1833.321
842,663.300,2391.800,431.600,1770.500,7510.000,22730.900,554.811,2112.561
843,660.000,1852.100,431.600,1770.500,7510.000,22730.900,607.405,1982.330
844,458.900,1885.000,431.600,1770.500,7510.000,22730.900,533.153,1933.665
845,454.300,1814.000,431.600,1770.500,7510.000,22730.900,493.726,1873.833
846,452.800,1768.300,431.600,1768.300,7510.000,22730.900,473.263,1821.066
847,440.600,1728.400,431.600,1728.400,7510.000,22730.900,456.932,1774.733
848,913.600,2730.000,431.600,1728.400,7510.000,22730.900,685.266,2252.367
849,730.900,2331.300,431.600,1728.400,7510.000,22730.900,708.083,2291.833
850,496.500,1794.700,431.600,1728.400,7510.000,22730.900,602.291,2043.267
851,434.700,1952.600,431.600,1728.400,7510.000,22730.900,518.496,1997.933
852,415.500,1802.000,415.500,1728.400,7510.000,22730.900,466.998,1899.967
853,599.600,2254.900,415.500,1728.400,7510.000,22730.900,533.299,2077.433
854,802.700,2316.700,415.500,1728.400,7510.000,22730.900,667.999,2197.067
855,437.600,1845.000,415.500,1728.400,7510.000,22730.900,552.800,2021.033
856,457.900,1779.000,415.500,1728.400,7510.000,22730.900,505.350,1900.017
857,418.500,1754.100,415.500,1728.400,7510.000,22730.900,461.925,1827.058
858,412.800,1882.900,412.800,1728.400,7510.000,22730.900,437.362,1854.979
859,666.900,1943.300,412.800,1728.400,7510.000,22730.900,552.131,1899.140
860,738.100,2742.800,412.800,1728.400,7510.000,22730.900,645.116,2320.970
861,480.100,1998.400,412.800,1728.400,7510.000,22730.900,562.608,2159.685
862,521.000,1953.000,412.800,1728.400,7510.000,22730.900,541.804,2056.342
863,501.300,2017.900,412.800,1728.400,7510.000,22730.900,521.552,2037.121
864,521.600,2006.900,412.800,1728.400,7510.000,22730.900,521.576,2022.011
865,881.100,2140.800,412.800,1728.400,7510.000,22730.900,701.338,2081.405
866,586.600,2203.600,412.800,1728.400,7510.000,22730.900,643.969,2142.503
867,509.600,2410.700,412.800,1728.400,7510.000,22730.900,576.784,2276.601
868,512.700,2132.200,412.800,1728.400,7510.000,22730.900,544.742,2204.401
869,507.700,2464.000,412.800,1728.400,7510.000,22730.900,526.221,2334.200
870,568.600,2294.500,412.800,1728.400,7510.000,22730.900,547.411,2314.350
871,529.300,2104.300,412.800,1728.400,7510.000,22730.900,538.355,2209.325
872,555.100,2212.400,412.800,1728.400,7510.000,22730.900,546.728,2210.863
873,548.600,2464.600,412.800,1728.400,7510.000,22730.900,547.664,2337.731
874,573.400,2897.500,412.800,1728.400,7510.000,22730.900,560.532,2617.616
875,673.000,3412.100,412.800,1728.400,7510.000,22730.900,616.766,3014.858
876,693.300,2765.800,412.800,1728.400,7510.000,22730.900,655.033,2890.329
877,748.100,3130.500,412.800,1728.400,7510.000,22730.900,701.566,3010.414
878,805.500,3364.500,412.800,1728.400,7510.000,22730.900,753.533,3187.457
879,1940.600,5386.700,412.800,1728.400,7510.000,22730.900,1347.067,4287.079
880,1570.000,5468.000,412.800,1728.400,7510.000,22730.900,1458.533,4877.539
881,1339.400,6607.500,412.800,1728.400,7510.000,22730.900,1398.967,5742.520
882,1444.100,5611.900,412.800,1728.400,7510.000,22730.900,1421.533,5677.210
883,2019.300,7258.800,412.800,1728.400,7510.000,22730.900,1720.417,6468.005
884,1460.900,5610.000,412.800,1728.400,7510.000,22730.900,1590.658,6039.002
885,1418.400,6519.400,412.800,1728.400,7510.000,22730.900,1504.529,6279.201
886,1418.300,5830.600,412.800,1728.400,7510.000,22730.900,1461.415,6054.901
887,1991.700,6182.700,412.800,1728.400,7510.000,22730.900,1726.557,6118.800
888,1448.700,5851.700,412.800,1728.400,7510.000,22730.900,1587.629,5985.250
889,2009.500,5473.800,412.800,1728.400,7510.000,22730.900,1798.564,5729.525
890,1333.500,5623.500,412.800,1728.400,7510.000,22730.900,1566.032,5676.513
891,2740.800,5241.100,412.800,1728.400,7510.000,22730.900,2153.416,5458.806
892,1393.700,5610.000,412.800,1728.400,7510.000,22730.900,1773.558,5534.403
893,2321.000,5819.100,412.800,1728.400,7510.000,22730.900,2047.279,5676.752
894,1348.000,6350.600,412.800,1728.400,7510.000,22730.900,1697.640,6013.676
895,2439.600,5883.300,412.800,1728.400,7510.000,22730.900,2068.620,5948.488
896,1417.500,6765.600,412.800,1728.400,7510.000,22730.900,1743.060,6357.044
897,2897.800,9113.200,412.800,1728.400,7510.000,22730.900,2320.430,7735.122
898,3466.500,7492.700,412.800,1728.400,7510.000,22730.900,2893.465,7613.911
899,1808.000,7812.500,412.800,1728.400,7510.000,22730.900,2350.732,7713.205
900,1444.300,5661.500,412.800,1728.400,7510.000,22730.900,1897.516,6687.353
901,1560.900,5988.000,412.800,1728.400,7510.000,22730.900,1729.208,6337.676
902,1376.400,5407.800,412.800,1728.400,7510.000,22730.900,1552.804,5872.738
903,1421.100,6117.100,412.800,1728.400,7510.000,22730.900,1486.952,5994.919
904,1398.100,5691.400,412.800,1728.400,7510.000,22730.900,1442.526,5843.160
905,1344.500,5499.800,412.800,1728.400,7510.000,22730.900,1393.513,5671.480
906,1691.300,5746.100,412.800,1728.400,7510.000,22730.900,1542.407,5708.790
907,2000.200,6506.900,412.800,1728.400,7510.000,22730.900,1771.303,6107.845
908,1443.600,5613.200,412.800,1728.400,7510.000,22730.900,1607.452,5860.522
909,1293.100,5597.600,412.800,1728.400,7510.000,22730.900,1450.276,5729.061
910,1407.500,5560.800,412.800,1728.400,7510.000,22730.900,1428.888,5644.931
911,1382.800,5357.400,412.800,1728.400,7510.000,22730.900,1405.844,5501.165
912,1506.200,5466.200,412.800,1728.400,7510.000,22730.900,1456.022,5483.683
913,1403.400,5257.100,412.800,1728.400,7510.000,22730.900,1429.711,5370.391
914,1551.300,5740.100,412.800,1728.400,7510.000,22730.900,1490.505,5555.246
915,1513.100,5461.100,412.800,1728.400,7510.000,22730.900,1501.803,5508.173
916,1594.900,5937.100,412.800,1728.400,7510.000,22730.900,1548.351,5722.636
917,1390.800,5354.000,412.800,1728.400,7510.000,22730.900,1469.576,5538.318
918,1483.500,6525.100,412.800,1728.400,7510.000,22730.900,1476.538,6031.709
919,1349.200,5234.800,412.800,1728.400,7510.000,22730.900,1412.869,5633.255
920,2033.500,8172.400,412.800,1728.400,7510.000,22730.900,1723.184,6902.827
921,1413.300,5691.900,412.800,1728.400,7510.000,22730.900,1568.242,6297.364
922,2354.500,5966.300,412.800,1728.400,7510.000,22730.900,1961.371,6131.832
923,1352.000,5387.600,412.800,1728.400,7510.000,22730.900,1656.686,5759.716
924,1690.400,5458.500,412.800,1728.400,7510.000,22730.900,1673.543,5609.108
925,1352.000,5511.200,412.800,1728.400,7510.000,22730.900,1512.771,5560.154
926,2129.700,7581.500,412.800,1728.400,7510.000,22730.900,1821.236,6570.827
927,1426.600,6426.700,412.800,1728.400,7510.000,22730.900,1623.918,6498.763
928,2841.800,6572.700,412.800,1728.400,7510.000,22730.900,2232.859,6535.732
929,2081.400,6236.500,412.800,1728.400,7510.000,22730.900,2157.129,6386.116
930,1462.000,5507.200,412.800,1728.400,7510.000,22730.900,1809.565,5946.658
931,2144.100,8290.100,412.800,1728.400,7510.000,22730.900,1976.832,7118.379
932,1903.800,7329.300,412.800,1728.400,7510.000,22730.900,1940.316,7223.839
933,3359.000,7817.100,412.800,1728.400,7510.000,22730.900,2649.658,7520.470
934,3139.000,8765.300,412.800,1728.400,7510.000,22730.900,2894.329,8142.885
935,1678.600,5683.100,412.800,1728.400,7510.000,22730.900,2286.465,6912.992
936,1611.600,6440.900,412.800,1728.400,7510.000,22730.900,1949.032,6676.946
937,2995.100,9747.200,412.800,1728.400,7510.000,22730.900,2472.066,8212.073
938,1730.400,5928.700,412.800,1728.400,7510.000,22730.900,2101.233,7070.387
939,2407.500,7524.700,412.800,1728.400,7510.000,22730.900,2254.367,7297.543
940,1440.500,5820.600,412.800,1728.400,7510.000,22730.900,1847.433,6559.072
941,2169.500,6668.200,412.800,1728.400,7510.000,22730.900,2008.467,6613.636
942,1480.500,5589.800,412.800,1728.400,7510.000,22730.900,1744.483,6101.718
943,1550.900,5556.600,412.800,1728.400,7510.000,22730.900,1647.692,5829.159
944,1405.900,5117.700,412.800,1728.400,7510.000,22730.900,1526.796,5473.429
945,1396.700,5470.100,412.800,1728.400,7510.000,22730.900,1461.748,5471.765
946,1602.100,5068.500,412.800,1728.400,7510.000,22730.900,1531.924,5270.132
947,1378.600,5526.200,412.800,1728.400,7510.000,22730.900,1455.262,5398.166
948,2064.200,5197.700,412.800,1728.400,7510.000,22730.900,1759.731,5297.933
949,1318.200,6313.900,412.800,1728.400,7510.000,22730.900,1538.965,5805.917
950,2234.900,7634.600,412.800,1728.400,7510.000,22730.900,1886.933,6720.258
951,1865.200,7686.100,412.800,1728.400,7510.000,22730.900,1876.066,7203.179
952,1413.400,5331.400,412.800,1728.400,7510.000,22730.900,1644.733,6267.290
953,2452.100,5881.800,412.800,1728.400,7510.000,22730.900,2048.417,6074.545
954,1339.500,5780.800,412.800,1728.400,7510.000,22730.900,1693.958,5927.672
955,2170.500,6894.500,412.800,1728.400,7510.000,22730.900,1932.229,6411.086
956,1930.700,7548.500,412.800,1728.400,7510.000,22730.900,1931.465,6979.793
957,1499.400,5402.500,412.800,1728.400,7510.000,22730.900,1715.432,6191.147
958,1414.200,6265.700,412.800,1728.400,7510.000,22730.900,1564.816,6228.423
959,1479.300,5812.200,412.800,1728.400,7510.000,22730.900,1522.058,6020.312
960,1412.600,6339.000,412.800,1728.400,7510.000,22730.900,1467.329,6179.656
961,1655.100,5346.800,412.800,1728.400,7510.000,22730.900,1561.215,5763.228
962,1411.100,6069.300,412.800,1728.400,7510.000,22730.900,1486.157,5916.264
963,1484.300,5488.500,412.800,1728.400,7510.000,22730.900,1485.229,5702.382
964,1338.100,5965.000,412.800,1728.400,7510.000,22730.900,1411.664,5833.691
965,2117.800,6946.800,412.800,1728.400,7510.000,22730.900,1764.732,6390.245
966,2067.100,7854.800,412.800,1728.400,7510.000,22730.900,1915.916,7122.523
967,1327.100,5295.500,412.800,1728.400,7510.000,22730.900,1621.508,6209.011
968,1646.300,6020.900,412.800,1728.400,7510.000,22730.900,1633.904,6114.956
969,1489.900,5926.700,412.800,1728.400,7510.000,22730.900,1561.902,6020.828
970,1352.300,5777.500,412.800,1728.400,7510.000,22730.900,1457.101,5899.164
971,1554.400,5587.800,412.800,1728.400,7510.000,22730.900,1505.751,5743.482
972,1815.200,7886.400,412.800,1728.400,7510.000,22730.900,1660.475,6814.941
973,1603.900,5680.200,412.800,1728.400,7510.000,22730.900,1632.188,6247.570
974,1388.400,5883.800,412.800,1728.400,7510.000,22730.900,1510.294,6065.685
975,1479.000,5907.200,412.800,1728.400,7510.000,22730.900,1494.647,5986.443
976,1387.700,8523.300,412.800,1728.400,7510.000,22730.900,1441.173,7254.871
977,2037.900,5193.600,412.800,1728.400,7510.000,22730.900,1739.537,6224.236
978,1824.200,7208.100,412.800,1728.400,7510.000,22730.900,1781.868,6716.168
979,1475.000,6111.700,412.800,1728.400,7510.000,22730.900,1628.434,6413.934
980,1927.300,6828.800,412.800,1728.400,7510.000,22730.900,1777.867,6621.367
981,1377.900,5351.300,412.800,1728.400,7510.000,22730.900,1577.884,5986.333
982,1625.500,5977.600,412.800,1728.400,7510.000,22730.900,1601.692,5981.967
983,757.400,2915.100,412.800,1728.400,7510.000,22730.900,1179.546,4448.533
984,730.800,3576.800,412.800,1728.400,7510.000,22730.900,955.173,4012.667
985,786.700,3842.500,412.800,1728.400,7510.000,22730.900,870.936,3927.583
986,1048.900,3566.600,412.800,1728.400,7510.000,22730.900,959.918,3747.092
987,524.900,2081.800,412.800,1728.400,7510.000,22730.900,742.409,2914.446
988,513.900,2705.100,412.800,1728.400,7510.000,22730.900,628.155,2809.773
989,815.900,2811.500,412.800,1728.400,7510.000,22730.900,722.027,2810.636
990,515.000,1866.300,412.800,1728.400,7510.000,22730.900,618.514,2338.468
991,632.600,2508.600,412.800,1728.400,7510.000,22730.900,625.557,2423.534
992,479.600,1859.000,412.800,1728.400,7510.000,22730.900,552.578,2141.267
993,493.600,1968.800,412.800,1728.400,7510.000,22730.900,523.089,2055.034
994,722.300,2754.600,412.800,1728.400,7510.000,22730.900,622.695,2404.817
995,575.000,1838.600,412.800,1728.400,7510.000,22730.900,598.847,2121.708
996,440.700,1896.600,412.800,1728.400,7510.000,22730.900,519.774,2009.154
997,450.800,1790.900,412.800,1728.400,7510.000,22730.900,485.287,1900.027
998,430.700,1791.600,412.800,1728.400,7510.000,22730.900,457.993,1845.814
999,436.700,2584.500,412.800,1728.400,7510.000,22730.900,447.347,2215.157
1000,748.500,2721.900,412.800,1728.400,7510.000,22730.900,597.923,2468.528
